made_on,asset,forecast_date,vol_forecast_ann_pct,realized_vol_ann_pct
2026-07-30,SPY,2026-07-31,11.1,
2026-07-30,SPY,2026-08-03,11.9,
2026-07-30,SPY,2026-08-04,12.1,
2026-07-30,SPY,2026-08-05,12.2,
2026-07-30,SPY,2026-08-06,12.1,
2026-07-30,QQQ,2026-07-31,18.2,
2026-07-30,QQQ,2026-08-03,19.4,
2026-07-30,QQQ,2026-08-04,19.5,
2026-07-30,QQQ,2026-08-05,19.3,
2026-07-30,QQQ,2026-08-06,18.9,
2026-07-30,IWM,2026-07-31,15.0,
2026-07-30,IWM,2026-08-03,15.5,
2026-07-30,IWM,2026-08-04,15.6,
2026-07-30,IWM,2026-08-05,15.5,
2026-07-30,IWM,2026-08-06,15.6,
2026-07-30,AAPL,2026-07-31,22.0,
2026-07-30,AAPL,2026-08-03,23.1,
2026-07-30,AAPL,2026-08-04,23.7,
2026-07-30,AAPL,2026-08-05,23.6,
2026-07-30,AAPL,2026-08-06,23.6,
2026-07-30,MSFT,2026-07-31,35.9,
2026-07-30,MSFT,2026-08-03,33.1,
2026-07-30,MSFT,2026-08-04,33.0,
2026-07-30,MSFT,2026-08-05,33.5,
2026-07-30,MSFT,2026-08-06,33.7,
2026-07-30,JPM,2026-07-31,22.1,
2026-07-30,JPM,2026-08-03,23.1,
2026-07-30,JPM,2026-08-04,23.5,
2026-07-30,JPM,2026-08-05,23.9,
2026-07-30,JPM,2026-08-06,23.8,
2026-07-30,XOM,2026-07-31,21.7,
2026-07-30,XOM,2026-08-03,22.2,
2026-07-30,XOM,2026-08-04,22.6,
2026-07-30,XOM,2026-08-05,22.2,
2026-07-30,XOM,2026-08-06,22.2,
2026-07-30,JNJ,2026-07-31,22.9,
2026-07-30,JNJ,2026-08-03,23.2,
2026-07-30,JNJ,2026-08-04,23.1,
2026-07-30,JNJ,2026-08-05,22.1,
2026-07-30,JNJ,2026-08-06,22.2,
2026-07-30,EURUSD,2026-07-31,7.5,
2026-07-30,EURUSD,2026-08-03,7.8,
2026-07-30,EURUSD,2026-08-04,8.3,
2026-07-30,EURUSD,2026-08-05,9.0,
2026-07-30,EURUSD,2026-08-06,9.0,
2026-07-30,USDJPY,2026-07-31,19.1,
2026-07-30,USDJPY,2026-08-03,18.4,
2026-07-30,USDJPY,2026-08-04,19.0,
2026-07-30,USDJPY,2026-08-05,19.7,
2026-07-30,USDJPY,2026-08-06,18.7,
2026-07-30,GBPUSD,2026-07-31,8.8,
2026-07-30,GBPUSD,2026-08-03,9.4,
2026-07-30,GBPUSD,2026-08-04,10.3,
2026-07-30,GBPUSD,2026-08-05,11.4,
2026-07-30,GBPUSD,2026-08-06,11.7,
